{
  "mean": [
    2.7866618633270264,
    0.08541002124547958,
    0.5440395474433899,
    -0.6172746419906616,
    0.06526771932840347
  ],
  "std": [
    1.289528727531433,
    0.0374235138297081,
    0.25875744223594666,
    0.18370775878429413,
    0.03170987218618393
  ]
}