{
  "model": "fno",
  "seed": 50,
  "split": "test",
  "checkpoint": "/Users/hosh/Documents/code/fno-calibration/checkpoints/fno_seed50_best.pt",
  "n_eval_samples": 10000,
  "n_params": 2000197,
  "per_param": {
    "kappa": {
      "rmse": 0.10862766951322556,
      "rel_median": 0.02017306722700596,
      "rel_p95": 0.08541414886713028
    },
    "theta": {
      "rmse": 0.002339655766263604,
      "rel_median": 0.018596092239022255,
      "rel_p95": 0.08526661247015
    },
    "xi": {
      "rmse": 0.008355772122740746,
      "rel_median": 0.010317718610167503,
      "rel_p95": 0.05632808804512024
    },
    "rho": {
      "rmse": 0.0139997573569417,
      "rel_median": 0.011008176952600479,
      "rel_p95": 0.051307570189237595
    },
    "v0": {
      "rmse": 0.001007152022793889,
      "rel_median": 0.009340288117527962,
      "rel_p95": 0.057809457182884216
    }
  },
  "iv_rmse": {
    "median": 0.0016302523436024785,
    "mean": 0.0018655359745025635,
    "p95": 0.003911895211786032
  }
}