{
  "model": "fno",
  "seed": 50,
  "split": "ood",
  "checkpoint": "/Users/hosh/Documents/code/fno-calibration/checkpoints/fno_seed50_best.pt",
  "n_eval_samples": 5000,
  "n_params": 2000197,
  "per_param": {
    "kappa": {
      "rmse": 1.1464781761169434,
      "rel_median": 0.1323269158601761,
      "rel_p95": 0.2865983545780182
    },
    "theta": {
      "rmse": 0.01741153933107853,
      "rel_median": 0.08085596561431885,
      "rel_p95": 0.11675440520048141
    },
    "xi": {
      "rmse": 0.28136301040649414,
      "rel_median": 0.20260146260261536,
      "rel_p95": 0.3365215063095093
    },
    "rho": {
      "rmse": 0.03998303413391113,
      "rel_median": 0.2326245903968811,
      "rel_p95": 1.3785654306411743
    },
    "v0": {
      "rmse": 0.01505761593580246,
      "rel_median": 0.07872401922941208,
      "rel_p95": 0.13329671323299408
    }
  },
  "iv_rmse": {
    "median": 0.0625402107834816,
    "mean": 0.06138863414525986,
    "p95": 0.09244772046804428
  }
}