{
  "model": "fno",
  "seed": 53,
  "split": "test",
  "checkpoint": "/Users/hosh/Documents/code/fno-calibration/checkpoints/fno_seed53_best.pt",
  "n_eval_samples": 10000,
  "n_params": 2000197,
  "per_param": {
    "kappa": {
      "rmse": 0.02087746001780033,
      "rel_median": 0.0044496925547719,
      "rel_p95": 0.02082417719066143
    },
    "theta": {
      "rmse": 0.00040829586214385927,
      "rel_median": 0.0035109156742691994,
      "rel_p95": 0.021465439349412918
    },
    "xi": {
      "rmse": 0.001992396079003811,
      "rel_median": 0.0021054884418845177,
      "rel_p95": 0.022607211023569107
    },
    "rho": {
      "rmse": 0.0022375183179974556,
      "rel_median": 0.001761499559506774,
      "rel_p95": 0.009566803462803364
    },
    "v0": {
      "rmse": 0.000265306793153286,
      "rel_median": 0.0036102929152548313,
      "rel_p95": 0.015285247005522251
    }
  },
  "iv_rmse": {
    "median": 0.00045797735219821334,
    "mean": 0.0005197572172619402,
    "p95": 0.0010587471770122647
  }
}