{
  "model": "fno",
  "seed": 52,
  "split": "ood",
  "checkpoint": "/Users/hosh/Documents/code/fno-calibration/checkpoints/fno_seed52_best.pt",
  "n_eval_samples": 5000,
  "n_params": 2000197,
  "per_param": {
    "kappa": {
      "rmse": 0.7523431181907654,
      "rel_median": 0.07525083422660828,
      "rel_p95": 0.2760601341724396
    },
    "theta": {
      "rmse": 0.04537259414792061,
      "rel_median": 0.20911410450935364,
      "rel_p95": 0.37033939361572266
    },
    "xi": {
      "rmse": 0.25230205059051514,
      "rel_median": 0.18299904465675354,
      "rel_p95": 0.2789924740791321
    },
    "rho": {
      "rmse": 0.09635284543037415,
      "rel_median": 0.16673968732357025,
      "rel_p95": 13.546600341796875
    },
    "v0": {
      "rmse": 0.054247621446847916,
      "rel_median": 0.302422434091568,
      "rel_p95": 0.5125907063484192
    }
  },
  "iv_rmse": {
    "median": 0.07613009214401245,
    "mean": 0.07464034110307693,
    "p95": 0.11054989695549011
  }
}