{
  "model": "fno",
  "seed": 51,
  "split": "ood",
  "checkpoint": "/Users/hosh/Documents/code/fno-calibration/checkpoints/fno_seed51_best.pt",
  "n_eval_samples": 5000,
  "n_params": 2000197,
  "per_param": {
    "kappa": {
      "rmse": 0.8969371318817139,
      "rel_median": 0.10654105246067047,
      "rel_p95": 0.22363966703414917
    },
    "theta": {
      "rmse": 0.08782216161489487,
      "rel_median": 0.38238513469696045,
      "rel_p95": 0.626998245716095
    },
    "xi": {
      "rmse": 2.294768810272217,
      "rel_median": 0.3241490125656128,
      "rel_p95": 4.113149166107178
    },
    "rho": {
      "rmse": 0.06378690898418427,
      "rel_median": 0.3287719488143921,
      "rel_p95": 3.650034189224243
    },
    "v0": {
      "rmse": 0.06682146340608597,
      "rel_median": 0.37412646412849426,
      "rel_p95": 0.5891373157501221
    }
  },
  "iv_rmse": {
    "median": 0.09000416100025177,
    "mean": 0.09402241557836533,
    "p95": 0.16063793003559113
  }
}