{
  "model": "fno",
  "seed": 53,
  "split": "ood",
  "checkpoint": "/Users/hosh/Documents/code/fno-calibration/checkpoints/fno_seed53_best.pt",
  "n_eval_samples": 5000,
  "n_params": 2000197,
  "per_param": {
    "kappa": {
      "rmse": 2.5424911975860596,
      "rel_median": 0.2214946150779724,
      "rel_p95": 0.6365209817886353
    },
    "theta": {
      "rmse": 0.06542572379112244,
      "rel_median": 0.3055105209350586,
      "rel_p95": 0.47771236300468445
    },
    "xi": {
      "rmse": 0.6036803126335144,
      "rel_median": 0.17180991172790527,
      "rel_p95": 0.9787639379501343
    },
    "rho": {
      "rmse": 0.09580709040164948,
      "rel_median": 0.5481597185134888,
      "rel_p95": 6.062703609466553
    },
    "v0": {
      "rmse": 0.06819209456443787,
      "rel_median": 0.36986902356147766,
      "rel_p95": 0.5718973875045776
    }
  },
  "iv_rmse": {
    "median": 0.0882226973772049,
    "mean": 0.08820172399282455,
    "p95": 0.13514362275600433
  }
}