{
  "model": "fno",
  "seed": 54,
  "split": "test",
  "checkpoint": "/Users/hosh/Documents/code/fno-calibration/checkpoints/fno_seed54_best.pt",
  "n_eval_samples": 10000,
  "n_params": 2000197,
  "per_param": {
    "kappa": {
      "rmse": 0.017720969393849373,
      "rel_median": 0.004107863176614046,
      "rel_p95": 0.01816376857459545
    },
    "theta": {
      "rmse": 0.0003915936395060271,
      "rel_median": 0.003937446512281895,
      "rel_p95": 0.020646557211875916
    },
    "xi": {
      "rmse": 0.0017744989600032568,
      "rel_median": 0.002040822058916092,
      "rel_p95": 0.02069469541311264
    },
    "rho": {
      "rmse": 0.0020585309248417616,
      "rel_median": 0.0019960072822868824,
      "rel_p95": 0.00935275200754404
    },
    "v0": {
      "rmse": 0.0002495759981684387,
      "rel_median": 0.0026255922857671976,
      "rel_p95": 0.02663414180278778
    }
  },
  "iv_rmse": {
    "median": 0.0004647163732443005,
    "mean": 0.0005160857108421624,
    "p95": 0.0010605546412989497
  }
}