{
  "model": "fno",
  "seed": 54,
  "split": "ood",
  "checkpoint": "/Users/hosh/Documents/code/fno-calibration/checkpoints/fno_seed54_best.pt",
  "n_eval_samples": 5000,
  "n_params": 2000197,
  "per_param": {
    "kappa": {
      "rmse": 1.4436426162719727,
      "rel_median": 0.14820292592048645,
      "rel_p95": 0.5193105340003967
    },
    "theta": {
      "rmse": 0.057330112904310226,
      "rel_median": 0.2691746950149536,
      "rel_p95": 0.4364168047904968
    },
    "xi": {
      "rmse": 0.2973487973213196,
      "rel_median": 0.1755835860967636,
      "rel_p95": 0.438420832157135
    },
    "rho": {
      "rmse": 0.23431318998336792,
      "rel_median": 1.1792117357254028,
      "rel_p95": 24.338455200195312
    },
    "v0": {
      "rmse": 0.07931818068027496,
      "rel_median": 0.40183794498443604,
      "rel_p95": 0.8443635702133179
    }
  },
  "iv_rmse": {
    "median": 0.08900155127048492,
    "mean": 0.09331849217414856,
    "p95": 0.1618860960006714
  }
}