{
  "model": "fno",
  "seed": 52,
  "split": "test",
  "checkpoint": "/Users/hosh/Documents/code/fno-calibration/checkpoints/fno_seed52_best.pt",
  "n_eval_samples": 10000,
  "n_params": 2000197,
  "per_param": {
    "kappa": {
      "rmse": 0.018836919218301773,
      "rel_median": 0.004180621355772018,
      "rel_p95": 0.023171842098236084
    },
    "theta": {
      "rmse": 0.00043885759077966213,
      "rel_median": 0.0039839171804487705,
      "rel_p95": 0.02224595472216606
    },
    "xi": {
      "rmse": 0.001889977604150772,
      "rel_median": 0.0021546417847275734,
      "rel_p95": 0.021707655861973763
    },
    "rho": {
      "rmse": 0.002148652682080865,
      "rel_median": 0.0018239706987515092,
      "rel_p95": 0.00963202677667141
    },
    "v0": {
      "rmse": 0.0002882929693441838,
      "rel_median": 0.00392592279240489,
      "rel_p95": 0.025676917284727097
    }
  },
  "iv_rmse": {
    "median": 0.000547048170119524,
    "mean": 0.0006019144784659147,
    "p95": 0.0012039043940603733
  }
}