{
  "model": "fno",
  "seed": 51,
  "split": "test",
  "checkpoint": "/Users/hosh/Documents/code/fno-calibration/checkpoints/fno_seed51_best.pt",
  "n_eval_samples": 10000,
  "n_params": 2000197,
  "per_param": {
    "kappa": {
      "rmse": 0.017617445439100266,
      "rel_median": 0.00424734503030777,
      "rel_p95": 0.01783938705921173
    },
    "theta": {
      "rmse": 0.00038495659828186035,
      "rel_median": 0.0036491239443421364,
      "rel_p95": 0.018722599372267723
    },
    "xi": {
      "rmse": 0.0018000730779021978,
      "rel_median": 0.002622051862999797,
      "rel_p95": 0.014667634852230549
    },
    "rho": {
      "rmse": 0.0018999162130057812,
      "rel_median": 0.0019061838975176215,
      "rel_p95": 0.007822426967322826
    },
    "v0": {
      "rmse": 0.000232921534916386,
      "rel_median": 0.002141341334208846,
      "rel_p95": 0.023801321163773537
    }
  },
  "iv_rmse": {
    "median": 0.0004119930381421,
    "mean": 0.00047515268670395017,
    "p95": 0.0010292090009897947
  }
}