{
  "model": "mlp",
  "seed": 51,
  "split": "ood",
  "checkpoint": "/Users/hosh/Documents/code/fno-calibration/checkpoints/mlp_seed51_best.pt",
  "n_eval_samples": 5000,
  "n_params": 2433029,
  "per_param": {
    "kappa": {
      "rmse": 7.552482604980469,
      "rel_median": 0.7746045589447021,
      "rel_p95": 2.1252853870391846
    },
    "theta": {
      "rmse": 0.061552535742521286,
      "rel_median": 0.25875627994537354,
      "rel_p95": 0.474195659160614
    },
    "xi": {
      "rmse": 0.5923677682876587,
      "rel_median": 0.4397871196269989,
      "rel_p95": 0.6590719819068909
    },
    "rho": {
      "rmse": 0.7641499638557434,
      "rel_median": 1.6446096897125244,
      "rel_p95": 119.02792358398438
    },
    "v0": {
      "rmse": 0.11585083603858948,
      "rel_median": 0.5787836313247681,
      "rel_p95": 1.3149311542510986
    }
  },
  "iv_rmse": {
    "median": 0.13468798995018005,
    "mean": 0.1490572690963745,
    "p95": 0.27811604738235474
  }
}