{
  "model": "mlp",
  "seed": 54,
  "split": "test",
  "checkpoint": "/Users/hosh/Documents/code/fno-calibration/checkpoints/mlp_seed54_best.pt",
  "n_eval_samples": 10000,
  "n_params": 2433029,
  "per_param": {
    "kappa": {
      "rmse": 0.03306613489985466,
      "rel_median": 0.0066246166825294495,
      "rel_p95": 0.028084486722946167
    },
    "theta": {
      "rmse": 0.0006661374354735017,
      "rel_median": 0.0037308773025870323,
      "rel_p95": 0.022360583767294884
    },
    "xi": {
      "rmse": 0.003244781633839011,
      "rel_median": 0.0037202094681560993,
      "rel_p95": 0.02770126797258854
    },
    "rho": {
      "rmse": 0.007030995562672615,
      "rel_median": 0.0045871008187532425,
      "rel_p95": 0.02239292487502098
    },
    "v0": {
      "rmse": 0.0003935886488761753,
      "rel_median": 0.003985882271081209,
      "rel_p95": 0.02244691550731659
    }
  },
  "iv_rmse": {
    "median": 0.0005906517035327852,
    "mean": 0.0006977617158554494,
    "p95": 0.0014947328018024564
  }
}