{
  "model": "mlp",
  "seed": 52,
  "split": "ood",
  "checkpoint": "/Users/hosh/Documents/code/fno-calibration/checkpoints/mlp_seed52_best.pt",
  "n_eval_samples": 5000,
  "n_params": 2433029,
  "per_param": {
    "kappa": {
      "rmse": 5.286858558654785,
      "rel_median": 0.5282491445541382,
      "rel_p95": 1.5684958696365356
    },
    "theta": {
      "rmse": 0.04239799827337265,
      "rel_median": 0.17229300737380981,
      "rel_p95": 0.31832870841026306
    },
    "xi": {
      "rmse": 0.2638958692550659,
      "rel_median": 0.17711998522281647,
      "rel_p95": 0.32362228631973267
    },
    "rho": {
      "rmse": 0.5749735236167908,
      "rel_median": 1.1431026458740234,
      "rel_p95": 86.32563781738281
    },
    "v0": {
      "rmse": 0.04371213912963867,
      "rel_median": 0.25711119174957275,
      "rel_p95": 0.38563045859336853
    }
  },
  "iv_rmse": {
    "median": 0.0855366662144661,
    "mean": 0.09323342144489288,
    "p95": 0.16778069734573364
  }
}