{
  "model": "mlp",
  "seed": 51,
  "split": "test",
  "checkpoint": "/Users/hosh/Documents/code/fno-calibration/checkpoints/mlp_seed51_best.pt",
  "n_eval_samples": 10000,
  "n_params": 2433029,
  "per_param": {
    "kappa": {
      "rmse": 0.008321513421833515,
      "rel_median": 0.001628795056603849,
      "rel_p95": 0.008455151692032814
    },
    "theta": {
      "rmse": 0.00018365889263805002,
      "rel_median": 0.0010565579868853092,
      "rel_p95": 0.005137274041771889
    },
    "xi": {
      "rmse": 0.001073423307389021,
      "rel_median": 0.0012846856843680143,
      "rel_p95": 0.006969030015170574
    },
    "rho": {
      "rmse": 0.0018978728912770748,
      "rel_median": 0.0008398356148973107,
      "rel_p95": 0.004425532650202513
    },
    "v0": {
      "rmse": 0.00011083200661232695,
      "rel_median": 0.0010744503233581781,
      "rel_p95": 0.008085306733846664
    }
  },
  "iv_rmse": {
    "median": 0.00014128704788163304,
    "mean": 0.0001744246983435005,
    "p95": 0.00040430048829875886
  }
}