{
  "model": "mlp",
  "seed": 50,
  "split": "test",
  "checkpoint": "/Users/hosh/Documents/code/fno-calibration/checkpoints/mlp_seed50_best.pt",
  "n_eval_samples": 10000,
  "n_params": 2433029,
  "per_param": {
    "kappa": {
      "rmse": 0.02572144940495491,
      "rel_median": 0.0059211282059550285,
      "rel_p95": 0.025161726400256157
    },
    "theta": {
      "rmse": 0.0006268871948122978,
      "rel_median": 0.0033649117685854435,
      "rel_p95": 0.016700999811291695
    },
    "xi": {
      "rmse": 0.0028483979403972626,
      "rel_median": 0.0029001336079090834,
      "rel_p95": 0.023620126768946648
    },
    "rho": {
      "rmse": 0.006239968352019787,
      "rel_median": 0.0026419032365083694,
      "rel_p95": 0.017765391618013382
    },
    "v0": {
      "rmse": 0.00039297339390031993,
      "rel_median": 0.004569074138998985,
      "rel_p95": 0.017273401841521263
    }
  },
  "iv_rmse": {
    "median": 0.0004919425118714571,
    "mean": 0.0005622676108032465,
    "p95": 0.0011668765218928456
  }
}