{
  "model": "mlp",
  "seed": 50,
  "split": "ood",
  "checkpoint": "/Users/hosh/Documents/code/fno-calibration/checkpoints/mlp_seed50_best.pt",
  "n_eval_samples": 5000,
  "n_params": 2433029,
  "per_param": {
    "kappa": {
      "rmse": 2.7310433387756348,
      "rel_median": 0.33799654245376587,
      "rel_p95": 0.660797119140625
    },
    "theta": {
      "rmse": 0.04301261529326439,
      "rel_median": 0.1962529718875885,
      "rel_p95": 0.28724318742752075
    },
    "xi": {
      "rmse": 0.2801147699356079,
      "rel_median": 0.20743069052696228,
      "rel_p95": 0.30720973014831543
    },
    "rho": {
      "rmse": 0.26799991726875305,
      "rel_median": 1.026883602142334,
      "rel_p95": 37.1521110534668
    },
    "v0": {
      "rmse": 0.03129886835813522,
      "rel_median": 0.17437446117401123,
      "rel_p95": 0.27363553643226624
    }
  },
  "iv_rmse": {
    "median": 0.06919771432876587,
    "mean": 0.06836757808923721,
    "p95": 0.10037332773208618
  }
}