{
  "model": "mlp",
  "seed": 53,
  "split": "test",
  "checkpoint": "/Users/hosh/Documents/code/fno-calibration/checkpoints/mlp_seed53_best.pt",
  "n_eval_samples": 10000,
  "n_params": 2433029,
  "per_param": {
    "kappa": {
      "rmse": 0.043597929179668427,
      "rel_median": 0.010183228179812431,
      "rel_p95": 0.06091173738241196
    },
    "theta": {
      "rmse": 0.0009758273954503238,
      "rel_median": 0.007812153548002243,
      "rel_p95": 0.029403086751699448
    },
    "xi": {
      "rmse": 0.005201135296374559,
      "rel_median": 0.006563334260135889,
      "rel_p95": 0.03871586173772812
    },
    "rho": {
      "rmse": 0.006543885450810194,
      "rel_median": 0.003308357670903206,
      "rel_p95": 0.01982591114938259
    },
    "v0": {
      "rmse": 0.0005866080755367875,
      "rel_median": 0.007286174222826958,
      "rel_p95": 0.025328487157821655
    }
  },
  "iv_rmse": {
    "median": 0.0010543862590566278,
    "mean": 0.001148708863183856,
    "p95": 0.002196223009377718
  }
}