{
  "model": "mlp",
  "seed": 53,
  "split": "ood",
  "checkpoint": "/Users/hosh/Documents/code/fno-calibration/checkpoints/mlp_seed53_best.pt",
  "n_eval_samples": 5000,
  "n_params": 2433029,
  "per_param": {
    "kappa": {
      "rmse": 1.820314884185791,
      "rel_median": 0.22145125269889832,
      "rel_p95": 0.41440919041633606
    },
    "theta": {
      "rmse": 0.05414687842130661,
      "rel_median": 0.2439487874507904,
      "rel_p95": 0.36317580938339233
    },
    "xi": {
      "rmse": 0.26833292841911316,
      "rel_median": 0.20249778032302856,
      "rel_p95": 0.28819146752357483
    },
    "rho": {
      "rmse": 0.2580496370792389,
      "rel_median": 0.9997840523719788,
      "rel_p95": 35.75898361206055
    },
    "v0": {
      "rmse": 0.05178333818912506,
      "rel_median": 0.28671544790267944,
      "rel_p95": 0.4389176070690155
    }
  },
  "iv_rmse": {
    "median": 0.07345256954431534,
    "mean": 0.0727158635854721,
    "p95": 0.10797938704490662
  }
}