{
  "model": "mlp",
  "seed": 54,
  "split": "ood",
  "checkpoint": "/Users/hosh/Documents/code/fno-calibration/checkpoints/mlp_seed54_best.pt",
  "n_eval_samples": 5000,
  "n_params": 2433029,
  "per_param": {
    "kappa": {
      "rmse": 2.545539140701294,
      "rel_median": 0.342079222202301,
      "rel_p95": 0.5681219696998596
    },
    "theta": {
      "rmse": 0.042495839297771454,
      "rel_median": 0.19973136484622955,
      "rel_p95": 0.28357529640197754
    },
    "xi": {
      "rmse": 0.2273564487695694,
      "rel_median": 0.17025163769721985,
      "rel_p95": 0.24836713075637817
    },
    "rho": {
      "rmse": 0.33989253640174866,
      "rel_median": 1.4219272136688232,
      "rel_p95": 45.96479415893555
    },
    "v0": {
      "rmse": 0.05285819247364998,
      "rel_median": 0.26861077547073364,
      "rel_p95": 0.5279783010482788
    }
  },
  "iv_rmse": {
    "median": 0.07600472122430801,
    "mean": 0.07816866785287857,
    "p95": 0.1309610903263092
  }
}