{
  "model": "mlp",
  "seed": 52,
  "split": "test",
  "checkpoint": "/Users/hosh/Documents/code/fno-calibration/checkpoints/mlp_seed52_best.pt",
  "n_eval_samples": 10000,
  "n_params": 2433029,
  "per_param": {
    "kappa": {
      "rmse": 0.00821580272167921,
      "rel_median": 0.0015445630997419357,
      "rel_p95": 0.007918400689959526
    },
    "theta": {
      "rmse": 0.00019747238548006862,
      "rel_median": 0.001161949010565877,
      "rel_p95": 0.005133827682584524
    },
    "xi": {
      "rmse": 0.0009419849957339466,
      "rel_median": 0.001073875930160284,
      "rel_p95": 0.0066751232370734215
    },
    "rho": {
      "rmse": 0.0018012908985838294,
      "rel_median": 0.0008485849248245358,
      "rel_p95": 0.0044722543098032475
    },
    "v0": {
      "rmse": 0.00010154378833249211,
      "rel_median": 0.0009194469312205911,
      "rel_p95": 0.00772218918427825
    }
  },
  "iv_rmse": {
    "median": 0.00013951893197372556,
    "mean": 0.0001731252414174378,
    "p95": 0.00039150932570919394
  }
}